{"Root Mean Squared Error": 0.627538153923098, "Mean Absolute Error": 0.4844340755984713}